Year,Gallatin,Missoula,Yellowstone
2003-01-01,511,540,566
2004-01-01,526,550,589
2005-01-01,556,570,617
2006-01-01,594,589,647
2007-01-01,625,620,687
2008-01-01,638,643,702
2009-01-01,639,651,712
2010-01-01,656,652,730
2011-01-01,678,665,757
2012-01-01,723,681,785
2013-01-01,702,689,805
2014-01-01,724,711,833
2015-01-01,761,740,861
2016-01-01,788,759,867
2017-01-01,819,786,890
2018-01-01,850,814,923